query	matches	length	expected_matches
AAGAGAGTGGGGGCCAATATTCAACATTCTTAAAGAAAAGAATTTTCAAC	16	50	1.0559014445770879e-23
TATTCAACATTCTTAAAGAAAAGAATTTTCAACCCAGAATTTCATATCCA	13	50	1.0559014445770879e-23
TGCAGCCATAAAAAAGGATGAGTTCATGTCCTTTGTAGGGACATGGATGA	13	50	1.0559014445770879e-23
AATAGCTAACA	12	11	3.1912755966186523
AGGATGAGTTCATGTCCTTTGTAGGGACATGGATGAAGCTGGAAACCATC	9	50	1.0559014445770879e-23
GCCTGGGTGACAGAGTGAGACCCTGTCTC	8	29	4.643910950230534e-11
TATACACCATGGAATACTATGCAGCCATAAAAAAGGATGAGTTCATGTCC	8	50	1.0559014445770879e-23
GAAGCTCTACAAGCCAGAAGAGAGTGGGGGCCAATATTCAACATTCTTAA	2	50	1.0559014445770879e-23
ACCAAACTATAGAAT	1	15	0.012465916574001312
CTCTTAATATTTATGAAGAAGAACATGGT	1	29	4.643910950230534e-11
GATCATACCATTGTACTCTAGCCTGGGTG	1	29	4.643910950230534e-11
GCCGCCTTCACATTCTCAAAGGAACTCCTGGCCCCCAAACAGGGTCCGGG	1	50	1.0559014445770879e-23
GGCCTCCGAAGCGTCTCTCCTGGCTTAGAGGATAGTGGCTTGGAACCTTT	1	50	1.0559014445770879e-23
GAGCCAGGATTTGAACTCACATTTGTCTGACTTCAAAATCCATGCTTTTT	1	50	1.0559014445770879e-23
CTGGCTCAGAGGGTCCTATGCCCACGGAGTCTCGCTGATTGCTAGCACAG	1	50	1.0559014445770879e-23
ATTCATTCACTGTAACATCAGCTCCACAAAAGCAAAGAGTTTGTATACCC	1	50	1.0559014445770879e-23
GATGAAACCCCATCTCTACTAAAAAATACAAAAAATTAGCCGGGTGTGGT	1	50	1.0559014445770879e-23
ATCTGAGCGAGTCAATTTCCCATGGGTCCCTTCTTGCACCTCCCCAACCT	1	50	1.0559014445770879e-23
AACAGAGCATATAAAGACCTCACATATTATAATAAAGAGAAGACAAAGAA	1	50	1.0559014445770879e-23
ACACTCACTATAGGCCAGGCCCTGTGGTGGTGCTGAGGATGTAGGGGTAA	1	50	1.0559014445770879e-23
TCTGTAGCTGGGATGCAGTCCTTTGAGACTCTGGGTTGGTTGCCTGCCAA	1	50	1.0559014445770879e-23
AAAAGTGAGAAGAGCCATTTCGACTTCACCCTTTGGTTGCCAGACCTCTG	1	50	1.0559014445770879e-23
GTGTGTGTGTGTGTGTGTGAGAGAGAGAGAGAGAGAGAATCTTCAGCTAT	1	50	1.0559014445770879e-23
ATGATTATATTGGGGAACAGAAATTAACATGTAAATAGTTTTGTTTTTTT	1	50	1.0559014445770879e-23
TTTATGCTAAACTAATTATAAAAATATTAAGTTTTTTTCCAGAAACTAGA	1	50	1.0559014445770879e-23
AAATTATATAACTTTATAGAGTTTATGTTTTTAAAATTATATTTTTGGTT	1	50	1.0559014445770879e-23
ATTATTAGTAAGAAGCTCTTTCTCACTTTCTAATACCCCGAGCTTTGCCT	1	50	1.0559014445770879e-23
CAATCAGAAATAGCACACACTTTCAAATCAGTCACTTTATAAAACTATTT	1	50	1.0559014445770879e-23
CCCCTTGCTGGTGGAATGTGGGCTCAGAACTGGTAAGCCATCTTCAACCA	1	50	1.0559014445770879e-23
TTCTCTAGATGTTCCATTATCCAGGAACCTCCATATGTTCAGCTATCTGG	1	50	1.0559014445770879e-23
TTAATAAAGTCTTTGACATGTGTTCATTTTACATTGGTAAGAAGTTTTAG	1	50	1.0559014445770879e-23
CTGAGAGAGCCAATGATGTAGTTCTCCAAAGACCTGCAGATTGGAGGCCC	1	50	1.0559014445770879e-23
ATGTGTATATATATATACATATATATGTGTGTGTGTGTGTGTGTGTGTGT	1	50	1.0559014445770879e-23
CAGCCTAAGCAACAGAGTGAGACTCCATCTCAAAAAAGAACAAAAAACAA	1	50	1.0559014445770879e-23
AGGCTGGTGTACAGTGACGTGATTATGTTTCACTACAGCCTCAACCTCTT	1	50	1.0559014445770879e-23
CCATACATCACAGTTTATTCATTTGTCCCTCAGTGGACAGATATTTATTG	1	50	1.0559014445770879e-23
AATCCATGCTATTACTCCAGAGAAAGTGAAAACTTGAGTTCATCTCCCAG	1	50	1.0559014445770879e-23
CTGGCTTTTAGTTTCCATTTGTGTGGGATATCTTTTTCTACCCCTTTACC	1	50	1.0559014445770879e-23
TTTAAAAAAAAAAAAGACAAAAATAAAATATCAACTTTTGTCACTGTGGG	1	50	1.0559014445770879e-23
GGCTGGAGGATGAGGAGGAGGGGCACGGGTGTCAGGTGGGAAGAATTATC	1	50	1.0559014445770879e-23
GATGAGGAGGAGGGGCACGGGTGTCAGGTGGGAAGAATTATCTCAAGCAA	1	50	1.0559014445770879e-23
TACTGAGTGTTTACTGTATAACTGGCTACATTCATTTAACACTTTCGATT	1	50	1.0559014445770879e-23
TTAGCGTGTCACATCTGTTAAAATTGATGAGCCAATATTGACACATTATT	1	50	1.0559014445770879e-23
CGGAGGTTGGGCCCACTAGAATAAACTGAGTCCAATACTTCTACACAGTT	1	50	1.0559014445770879e-23
GGCTGCGTTTCTTACTGGAGGGTCTTTGGGGAGAATCCATTCCAGGCTGA	1	50	1.0559014445770879e-23
GCCAATGATGTAGTTCTCCAAAGACCTGCAGATTGGAGGCCCAGGAAGAA	1	50	1.0559014445770879e-23
TTACTTTTATGCTAAACTAATTATAAAAATATTAAGTTTTTTTCCAGAAA	1	50	1.0559014445770879e-23
CTCCAGCCTGAGCAACAAGAGCAAAACTCCGTCTCAAAAAAAAAAAAAAA	1	50	1.0559014445770879e-23
AGCAAATGGAAAACAAAAAAAGGCAGAGGTTGCAATCCTAGTCTCTGATA	1	50	1.0559014445770879e-23
TTTATTCGTCAAGAAAGAAAAATATTTTCTTTTTTCTTTTTCTTTTTTTT	1	50	1.0559014445770879e-23
AATTTCAAATGAACGAGGAGGGACTTTTACAATATAACACTATTTTCATA	1	50	1.0559014445770879e-23
TGGTTCTGAATTTGACTTTTTCCTTAATCACCATATTTATTTATCTTAGA	1	50	1.0559014445770879e-23
ATTAGCTGAACTAACGTTTTCTCGCAAAATAAATAATTCTGAAAGAAAAT	1	50	1.0559014445770879e-23
GGGCGACAGAGCTAGACTCTGTCTCAAAAAAAAAAAAAAAAAAAAAAAAA	1	50	1.0559014445770879e-23
GAATTTGACTTTTTCCTTAATCACCATATTTATTTATCTTAGAAAATAAA	1	50	1.0559014445770879e-23
ATTTTTGGCCTTTTGAGAGGCCCCCAGCTCTAAAATATTAACACTTACTT	1	50	1.0559014445770879e-23
TCGTCTGAGATGTGGGGAGCACCTCTGCCCCGCCGCCCTGTCTGGGATGT	1	50	1.0559014445770879e-23
GGTCTAGTGAATGTTATCCTAAACATATAGCAAGAGGAAAGGCTGAAAAT	1	50	1.0559014445770879e-23
TCATACTTGTAAAACAATTAGGAATTAAAGCTTATTGGATGGAGACTGCT	1	50	1.0559014445770879e-23
ACCAATGCATATTAGCTATTTGTATTTCTTCTTTTAGGATCCAGTGTATT	1	50	1.0559014445770879e-23
ATAAGGAAATTGGTATGAGTCTGTATTTTTAATTTTTATTGGAAATAATT	1	50	1.0559014445770879e-23
CTACCAAGCAAATGGAAAACAAAAAAAGGCAGAGGTTGCAATCCTAGTCT	1	50	1.0559014445770879e-23
TACAGAACACGTCATTGCACATGGTCATCAGTATGTAAAAGAAATGGAAG	1	50	1.0559014445770879e-23
ACTGTAGGTTTAATATATGGCCATTGTCTAGAAGACACTGTAAACTCAAC	1	50	1.0559014445770879e-23
TTTAAACTTTTATTATTTTTCAAATAAATCAGTAAACAACATCATAAAAA	1	50	1.0559014445770879e-23
TGTATTTTCAGTAGAGATGGGGGTTTCACCATGCTGGCCAGGCTGGTCTT	1	50	1.0559014445770879e-23
AGGTGTGGTGGCGGGCGCCTGTAGTCCCAGCTACCCTGGAGGCTGAGGCA	1	50	1.0559014445770879e-23
ATAAATACTTGAGAGGTGATGTTTATTACAAATATCTGAAATATATACAT	1	50	1.0559014445770879e-23
TAAAGACCAAGGCCTAGGATGGGTAAGAATAAAATTCCTAAAATATTTTA	1	50	1.0559014445770879e-23
CTCTTTGATGGCTATCATTTGTGACACCATGGTATTCTAGGCACTTTTTA	1	50	1.0559014445770879e-23
CACAATGTTAGGAGTCTACTCCTCAGATAGAATTTAATGAATGACCCAGA	1	50	1.0559014445770879e-23
AAGAATTGGGACTTGGATAACCGGAGTAAAAAAAATACTCTGACTATTGT	1	50	1.0559014445770879e-23
TGCTGTCATGAATGCTGACATAAGTGGGAATGCTATGCCAGGTAATGTCA	1	50	1.0559014445770879e-23
GGTTGGGCCCACTAGAATAAACTGAGTCCAATACTTCTACACAGTTATGT	1	50	1.0559014445770879e-23
ATTTTGTATAATGTCCCTCAAATTGTGTTTGTCTGATGTTTTTCTTTTGG	1	50	1.0559014445770879e-23
ACAAGGTGTTTATTTCACCTGGGTGCAGGCGGGCTGAGTCTGAAAAGAGA	1	50	1.0559014445770879e-23
CAGCATCAACAAAAAGGATGCCCACACAAAAATGCCATCTGAAGGTCACC	1	50	1.0559014445770879e-23
AACAATTAGGAATTAAAGCTTATTGGATGGAGACTGCTGAAAAAAGGCAA	1	50	1.0559014445770879e-23
GCTATGAAACATTACTGAATCAATTTCTGGATAATGTGGTGAAAGATTCA	1	50	1.0559014445770879e-23
AGCATCAATTAACTACCATTCAAAATGATTCAGCAATTAGCCCCTTATCA	1	50	1.0559014445770879e-23
TATTGCAGCTAAGTTTTTGTTTACTATTGAAATTAAGTTTGTATTAATCC	1	50	1.0559014445770879e-23
TTGTTATTTTTAATTTTTGTGGGTACATAGTAGGTGTGTATATTTACAGA	1	50	1.0559014445770879e-23
AACCCAAAATGATTTTTTAAACTAGAGACTAATGTGTTCTTAATTGACAA	1	50	1.0559014445770879e-23
GATAAAACTCAAGTGCTAAAAGGCTAAAGTAACTTTTATATATATTTTTA	1	50	1.0559014445770879e-23
GCTGATGGCACAATGTTAGGAGTCTACTCCTCAGATAGAATTTAATGAAT	1	50	1.0559014445770879e-23
AATGGATTGTGAAGTTCACTGGGTAGTCCTGGGACAGAGTTGGTCACATT	1	50	1.0559014445770879e-23
GGCTTAAAAAAAAGGCAAGCAGAGATAAAAGAAATTGTGGGTATAAATGT	1	50	1.0559014445770879e-23
TACACACAAAATTACAGAACACGTCATTGCACATGGTCATCAGTATGTAA	1	50	1.0559014445770879e-23
TGAGATGTGGGGAGCACCTCTGCCCCGCCGCCCTGTCTGGGATGTGAGGA	1	50	1.0559014445770879e-23
GACAAAAATAAAATATCAACTTTTGTCACTGTGGGCAGGAAATATGAAAT	1	50	1.0559014445770879e-23
TCAGCATTTTCCTAATTTGGAACCCCTGGAGGCTACTCTGACTAAAACAG	1	50	1.0559014445770879e-23
AAGCAGGAGAAGCAGAAGCAGTAGAAGCAGCAGCAGCAGAAGCAGCAGAA	1	50	1.0559014445770879e-23
CATGATGAAACCCCATCTCTACTAAAAAATACAAAAAATTAGCCGGGTGT	1	50	1.0559014445770879e-23
AATAGATCTAAGACCTTTAAAAATTAGGAAATTATATATAACTGTCTGTA	1	50	1.0559014445770879e-23
CAGGGATCATTTCACTCATTTATGTCACTTGTCTGCTTCCTTTAGGCATA	1	50	1.0559014445770879e-23
TGGCTCTATGGATTTCAGACTGGACTTACACAATTGTATAAGCCAATTTA	1	50	1.0559014445770879e-23
GTGGCTACATTAGTCAGATTTGGGCTATACTAATTCTGGGTAGCAAACAA	1	50	1.0559014445770879e-23
GTTTCGCTAGTTTATCAGGTATTTGATCGTTTATTGCTATTTCCCTTTTA	1	50	1.0559014445770879e-23
AGACTGAATAATATTGTACACACACACACCCATACATCACAGTTTATTCA	1	50	1.0559014445770879e-23
ACAGAGCATATAAAGACCTCACATATTATAATAAAGAGAAGACAAAGAAC	1	50	1.0559014445770879e-23
CAAAAGAGTCTGACCTTAAAAATATAACAAATGAAAAACCTTTTCTCAAA	1	50	1.0559014445770879e-23
GTCTTGTGCCTTTATGAAATGGAAAAATCCAGACACAGACATACACACAG	1	50	1.0559014445770879e-23
AAAACTCCATCCAAGACAATGTCTAGGTTTCCCTCCAGTGTTTTAATTTT	1	50	1.0559014445770879e-23
ATTTTCTTTTTAGTTTCTATATATTTAAATATCAGAGATATTGCTCTATA	1	50	1.0559014445770879e-23
GGAACAAAAGGCTTAAAAAAAAGGCAAGCAGAGATAAAAGAAATTGTGGG	1	50	1.0559014445770879e-23
CATATTTAAACATAGCTTCAATTGCTGTCTTCCCACCCCCATTTTTACAG	1	50	1.0559014445770879e-23
TGGTGACTATTTGAAACCATTTAAGAGGGTTTTCCCTCAGAGGAACATTC	1	50	1.0559014445770879e-23
CCTGCCTTGGGTTTCCCACCCCAATCCCATACACCAGGCCCTAGCCATTC	1	50	1.0559014445770879e-23
ACTGTCTCTGGGCTTATTTCGACACTAAGACTCTCCTAGGAGTTGCCATC	1	50	1.0559014445770879e-23
TATATCCTCTTGGTGAAATGTTTGTGAGCATCTTTCTGTGTCAGTGTCCA	1	50	1.0559014445770879e-23
TGTAATCCCAGCACTTTGGGAGGTCCAGGCAGAGGCAGGCAGATCATGAG	1	50	1.0559014445770879e-23
AGTGACGTGATTATGTTTCACTACAGCCTCAACCTCTTGGGTTCAAGCAA	1	50	1.0559014445770879e-23
AAACATTACTGAATCAATTTCTGGATAATGTGGTGAAAGATTCAAAGGAA	1	50	1.0559014445770879e-23
TTTGCACCCTTATGTGAAGCAGCTGGGTTAGAGCTTCCTCCATGACATTA	1	50	1.0559014445770879e-23
TTCAGGCCAATATCCTTGATGAACATCAATGCAAAAATCCTCAATAAAAT	1	50	1.0559014445770879e-23
CATGCTATTACTCCAGAGAAAGTGAAAACTTGAGTTCATCTCCCAGGAGT	1	50	1.0559014445770879e-23
CTGCAGCCTCAACCTCCTGGGCTCATGCAATCCTCTCACATCAGCCTCCA	1	50	1.0559014445770879e-23
TAAAGGTTTTGGTCTAGTCTTGGTTACTCTGGGAAAGTGTGTGTAGCCAT	1	50	1.0559014445770879e-23
TAGTAAGAAGCTCTTTCTCACTTTCTAATACCCCGAGCTTTGCCTGAATT	1	50	1.0559014445770879e-23
TGGGCCCACTAGAATAAACTGAGTCCAATACTTCTACACAGTTATGTTTG	1	50	1.0559014445770879e-23
AAAAAGAATGAAAATAGATCTAAGACCTTTAAAAATTAGGAAATTATATA	1	50	1.0559014445770879e-23
AATTCTAGTATTAATTTTGTTGGATGGAATACTAAAGCATAGATATTTGA	1	50	1.0559014445770879e-23
ACTGCTCCCTATAGCCCTCTGATGCAGGTACTATTGTTATCCCCATTTTA	1	50	1.0559014445770879e-23
CTTCTCAGCCACCATAATCATATGAGCTAATTCCTTGTAAGTATATGCTA	1	50	1.0559014445770879e-23
TTTTTCTTAGTATTTAAAATTATATAACTTTATAGAGTTTATGTTTTTAA	1	50	1.0559014445770879e-23
AGTAGTTTCACTGCTTTAAAAATCCTCTGTGTTTTGCCTATTCGTCTCTC	1	50	1.0559014445770879e-23
ACCATATGGCAGTTCTATTTTTAATTTTTTGAAGAATCTCCATACTATTT	1	50	1.0559014445770879e-23
AGTGGTCATTGTTCCAAGTCCAGCCCAACAAGTGGTTATTCTTATTCAAG	1	50	1.0559014445770879e-23
CCTATAGCCCTCTGATGCAGGTACTATTGTTATCCCCATTTTACAGATGG	1	50	1.0559014445770879e-23
TAATCATATGAGCTAATTCCTTGTAAGTATATGCTATTTTCAGAGTTGTA	1	50	1.0559014445770879e-23
ATGAAGCTGAATCACGGGTCACTCAGCATTTTCCTAATTTGGAACCCCTG	1	50	1.0559014445770879e-23
ACTAGCTCCAGAAGAAAATCTAAAATCCTTGCCTCATCCTCAAGGCTCTA	1	50	1.0559014445770879e-23
GCCCAGAAGGAGGCAGAGACAGAATATGAGTGGGCACTAATGGCTGTGAC	1	50	1.0559014445770879e-23
TTACAGTAAGCTAACATTAATTTATTCGTCAAGAAAGAAAAATATTTTCT	1	50	1.0559014445770879e-23
TGTGTCCCACACTTGCTACTAATTACAAAATTGTCTACTAGGTGTTGCAG	1	50	1.0559014445770879e-23
CCAACTGTAAAATGCTATATTTTTGGCCTTTTGAGAGGCCCCCAGCTCTA	1	50	1.0559014445770879e-23
GAAGACAGGCCTCCGAAGCGTCTCTCCTGGCTTAGAGGATAGTGGCTTGG	1	50	1.0559014445770879e-23
CGGCCGCCCATCGTCTGAGATGTGGGGAGCACCTCTGCCCCGCCGCCCTG	1	50	1.0559014445770879e-23
TAGAAAAAAATATCTTTCCAATTCTGTAGTTTCTGTAGAGCTAGGAATGA	1	50	1.0559014445770879e-23
GAGCAACCGCTAGTTGCCATCACGGCTCATTATATGCTAATTATAGTGTA	1	50	1.0559014445770879e-23
CTTGCTCTGGGGAAAAAAGGTCAATGTAACAACTCTTCTTAATAGAGTCT	1	50	1.0559014445770879e-23
CCATCTTCTACTAGCCTGCAGGCTTTTTGAAGACAGGAAATCATAGTTAT	1	50	1.0559014445770879e-23
TTGTAAAACAATTAGGAATTAAAGCTTATTGGATGGAGACTGCTGAAAAA	1	50	1.0559014445770879e-23
TCTGGTCTAGTGAATGTTATCCTAAACATATAGCAAGAGGAAAGGCTGAA	1	50	1.0559014445770879e-23
TGCTACACCCAAGTTTAAAAAATATTTAGCATGTGATAAAGATACATTTC	1	50	1.0559014445770879e-23
TCAGCTTCCCAAACAGACGAGGGAGAGAGAGAGAGAGAACAGTTTTAGAG	1	50	1.0559014445770879e-23
CTGAGGTATGGGCAGGGCTGCGTTTCTTACTGGAGGGTCTTTGGGGAGAA	1	50	1.0559014445770879e-23
TGGCTAACATGATGAAACCCCATCTCTACTAAAAAATACAAAAAATTAGC	1	50	1.0559014445770879e-23
GATATCCATTTCCCTCTCCATTTTTGTCTCCCTCTCTTGGTTTCTAAAAT	1	50	1.0559014445770879e-23
TGTTATCCTAAACATATAGCAAGAGGAAAGGCTGAAAATATTAGTGTATA	1	50	1.0559014445770879e-23
ACATGTGTATATATATATACATATATATGTGTGTGTGTGTGTGTGTGTGT	1	50	1.0559014445770879e-23
TTTTTATTAAGTGCAGCAGAAAACTGTAGGTTTAATATATGGCCATTGTC	1	50	1.0559014445770879e-23
AAAGGATTACTAGGTAGAATGATTATATTGGGGAACAGAAATTAACATGT	1	50	1.0559014445770879e-23
GCACTTTGGGAGGCCGAGGCAGGCGGATCATGAGGTCAGGAGATCGAGAC	1	50	1.0559014445770879e-23
GGGGGTTTCACCATGCTGGCCAGGCTGGTCTTGGACTCCTGACCTCAGGT	1	50	1.0559014445770879e-23
TGCATTAACTTTAAAAAAAAAAAAGACAAAAATAAAATATCAACTTTTGT	1	50	1.0559014445770879e-23
CAACAAGTGGTTATTCTTATTCAAGAATGAAGTGGAAATCTGAGTTCAGA	1	50	1.0559014445770879e-23
CATGCTAAGGGCTTGTTAAATAAGCAACATGAAGAGCATCAATCAGGTTG	1	50	1.0559014445770879e-23
GCGCGGGGGCTCACGCCTGTAATCCCAGCACTTTGGGAGGTCCAGGCAGA	1	50	1.0559014445770879e-23
CATGCGTGTGTGTGTGTGTGTGTGTGTGTGTGAGAGAGAGAGAGAGAGAG	1	50	1.0559014445770879e-23
TAAAAAAGTTTCGCTAGTTTATCAGGTATTTGATCGTTTATTGCTATTTC	1	50	1.0559014445770879e-23
CCAGGCTGGTCTTGAACTCCTGGACTCAAGCAATACACCCTCCTCGCCCT	1	50	1.0559014445770879e-23
CAATATCCTTGATGAACATCAATGCAAAAATCCTCAATAAAATAAGTAAT	1	50	1.0559014445770879e-23
ACAGGTTCACTTATTTGTGAATTTTCTTCAGTTTCCGGCACCCTAGACAG	1	50	1.0559014445770879e-23
CATAGAAAAAAAGGCTTTACCCACTCAAACATCGTAAGTACATTAACACA	1	50	1.0559014445770879e-23
GAAGCTAAAAAAGCATCTTGCCAGCTTTGTGATCCAGGGATGTCTTTCTC	1	50	1.0559014445770879e-23
TCTGAATTTGACTTTTTCCTTAATCACCATATTTATTTATCTTAGAAAAT	1	50	1.0559014445770879e-23
GAGAAAAAATAATTAATTTGGCTTGGACCATTCTGGTACAAAGGTCCAGT	1	50	1.0559014445770879e-23
AAAAAGGCTTTACCCACTCAAACATCGTAAGTACATTAACACAGTATTTT	1	50	1.0559014445770879e-23
AAATATTTAGCATGTGATAAAGATACATTTCAAATTATTGAAAGAAAGAA	1	50	1.0559014445770879e-23
TCCCTCATTTTTTACTAGTTTATCTTCTCCTGAATAGAATGAGAATGCAT	1	50	1.0559014445770879e-23
CCAGAGTAGTGGTTTCCAAATTATTACTGTGGAGTCCAAAACTTTGTGCA	1	50	1.0559014445770879e-23
ATGGACTCTTTACTTATCTCTCTGGACTTGCATTTCCTCTCTATAAAATT	1	50	1.0559014445770879e-23
CACACGTATGTTTGTTGTAGCACTGTTCACAACAGCAAAGACTTGGAACC	1	50	1.0559014445770879e-23
TGCGTTGGCTCTTCTATGTGAAATATAAAAATAAAAGCAACACCTTAATT	1	50	1.0559014445770879e-23
TTTGATAGGGGTACACACACACACACACACACACACACACACACACACAA	1	50	1.0559014445770879e-23
TAAAGACCTCACATATTATAATAAAGAGAAGACAAAGAACTTAGTGAAAG	1	50	1.0559014445770879e-23
ACTAGGCAACTCGCTTGCCTTACCCTAGTGCTTTCACTGGCAAACTAAAG	1	50	1.0559014445770879e-23
GTAGTTTCTGTAGAGCTAGGAATGACAATTAATATGCTGGAGATCAGAGT	1	50	1.0559014445770879e-23
AGTATAATGGGTGGAATCCAGAGGCTGGGATAGAGATTGTCTTCAGAATC	1	50	1.0559014445770879e-23
TGGAACTTTATTTCTTTGTTATTTTTAATTTTTGTGGGTACATAGTAGGT	1	50	1.0559014445770879e-23
GCTCCCTATAGCCCTCTGATGCAGGTACTATTGTTATCCCCATTTTACAG	1	50	1.0559014445770879e-23
GCTTCAGCTGAGAGCTCTGGGGCTCTGTTGTCTGTAGCTGGGATGCAGTC	1	50	1.0559014445770879e-23
ACCCTGAGACAGTCTGATTCAGTGGGAATTTGTATTTTAACAAGCATGCT	1	50	1.0559014445770879e-23
ATGGGGCTATAGCCAAATGGATTGTGAAGTTCACTGGGTAGTCCTGGGAC	1	50	1.0559014445770879e-23
ATTTATGTCACTTGTCTGCTTCCTTTAGGCATATGAGCTTGCTACTTCTC	1	50	1.0559014445770879e-23
TGAGATATGTCAACGGAGTATTGCTTCACCAGAATTTGAGTTCTCACCAC	1	50	1.0559014445770879e-23
CAGCTTTTGCAAGCTTTATAGATATTTTAGTATGAAGGTGAGAGAGGCCG	1	50	1.0559014445770879e-23
GTCCCACCATGTGCCCAGAAGGAGGCAGAGACAGAATATGAGTGGGCACT	1	50	1.0559014445770879e-23
CAGCAGAACACTTACTCTATTTTATACAATGAGATGTTGCCCAATTCTAG	1	50	1.0559014445770879e-23
TATATAAATTTTTCCGGAAGCTAAAAAAGCATCTTGCCAGCTTTGTGATC	1	50	1.0559014445770879e-23
GCAGCAGAAAACTGTAGGTTTAATATATGGCCATTGTCTAGAAGACACTG	1	50	1.0559014445770879e-23
AACTGAGATGTCTAAAAAAGTTTCGCTAGTTTATCAGGTATTTGATCGTT	1	50	1.0559014445770879e-23
GTACATCCATACTAATACATGCTACAACACGGATGAACTTTGGAAAATTA	1	50	1.0559014445770879e-23
AGTCCAGCCCAACAAGTGGTTATTCTTATTCAAGAATGAAGTGGAAATCT	1	50	1.0559014445770879e-23
AAAAGCATCTTGCCAGCTTTGTGATCCAGGGATGTCTTTCTCAAGGACCT	1	50	1.0559014445770879e-23
TGTTTCACTACAGCCTCAACCTCTTGGGTTCAAGCAAGCCTTCCACCTCA	1	50	1.0559014445770879e-23
GTATGTGTTTTATAGAGTAATAAAATGCTTTACTTAAAATGAGGTAAGTA	1	50	1.0559014445770879e-23
GCAGAAGCAGTAGAAGCAGCAGCAGCAGAAGCAGCAGAATCAATAGAAGA	1	50	1.0559014445770879e-23
TTGCTGAGGGTTTTTAATCAGTTATGGATACTGAATTGTGTCAAATACTT	1	50	1.0559014445770879e-23
CGGATAAATAAAAGGTGGTACATCCATACTAATACATGCTACAACACGGA	1	50	1.0559014445770879e-23
GTGAGACTCCATCTCAAAAAAGAACAAAAAACAAAAAACAAAAACAAAAA	1	50	1.0559014445770879e-23
TCTCTGGCTGCCCTTAACATTTTTTCTTTCATTTTCGCTTTGGTGAATCT	1	50	1.0559014445770879e-23
CCGAGTTGTCGTAGCTTTGCACCCTTATGTGAAGCAGCTGGGTTAGAGCT	1	50	1.0559014445770879e-23
TTCTATTTTTAATTTTTTGAAGAATCTCCATACTATTTTCCATAGTGGCT	1	50	1.0559014445770879e-23
AGCTCTGGGGCTCTGTTGTCTGTAGCTGGGATGCAGTCCTTTGAGACTCT	1	50	1.0559014445770879e-23
CTGGCTACATTCATTTAACACTTTCGATTTTCCTTGAGGCAGTAAATTAT	1	50	1.0559014445770879e-23
AGAATACAATTGGGAACAAAAGGCTTAAAAAAAAGGCAAGCAGAGATAAA	1	50	1.0559014445770879e-23
CACAGAGAGTAGGCTGATGGCACAATGTTAGGAGTCTACTCCTCAGATAG	1	50	1.0559014445770879e-23
CAAAAGAGGAAATAGGTGAGATGCTAATACCATGTTACAGGTCAGAATGG	1	50	1.0559014445770879e-23
CTATGAATAATAGAAATGGAAAGGAGGTCTATTATGTGCACTTAGAGGGT	1	50	1.0559014445770879e-23
GCCCTCTGAAGGCAAAAGAGTAGTAATAATAATAACACACCAAGGCAAAG	1	50	1.0559014445770879e-23
TTTGAAGAAAAAAAAATTTGTGTATAAGTAAACATCTGAAAATACTTTTT	1	50	1.0559014445770879e-23
ATACCTATAGAATGCAATGCTTTACTGACTTTCTTTTCAATTAATCTTGG	1	50	1.0559014445770879e-23
ATGTAGTTGGAATTATTAGTAAGAAGCTCTTTCTCACTTTCTAATACCCC	1	50	1.0559014445770879e-23
TTACACACTAGGCAACTCGCTTGCCTTACCCTAGTGCTTTCACTGGCAAA	1	50	1.0559014445770879e-23
GCAGTTCTATTTTTAATTTTTTGAAGAATCTCCATACTATTTTCCATAGT	1	50	1.0559014445770879e-23
GCCTGAGCAACAAGAGCAAAACTCCGTCTCAAAAAAAAAAAAAAAAAGAA	1	50	1.0559014445770879e-23
TGACTAATAATCTTTTCCCAATAGTGTTTTGTATATTTTCTAAGAATAAT	1	50	1.0559014445770879e-23
CTTGAGAACTGAGAGAGCCAATGATGTAGTTCTCCAAAGACCTGCAGATT	1	50	1.0559014445770879e-23
AGCAGCAGCAGAAGCAGCAGAATCAATAGAAGAATCAGAATCAGAAGAAA	1	50	1.0559014445770879e-23
AATGTTTATTTTTCTTTGTTTTCACTGCTGTCATGAATGCTGACATAAGT	1	50	1.0559014445770879e-23
ATTGTGTCTAAAAAGCAAGACTTATATCAAAACAGGATCCCTTGCCCCTT	1	50	1.0559014445770879e-23
AAAGTTATAAAGTAAAAATTTACAGTAAGCTAACATTAATTTATTCGTCA	1	50	1.0559014445770879e-23
CTATATATTTAAATATCAGAGATATTGCTCTATAAGCTAAAGATCTGTAT	1	50	1.0559014445770879e-23
CATCAAGCATCAATTAACTACCATTCAAAATGATTCAGCAATTAGCCCCT	1	50	1.0559014445770879e-23
ATAAATGTTAAAGACCTGCATTAAGTTTCTAAAAAAAAATCAATTACATA	1	50	1.0559014445770879e-23
AGGCAGGCAGATCACCTGAGGTTGGGAGTTCAAGACCAGTCTGACCAACA	1	50	1.0559014445770879e-23
TGTCTTCCTTGGCATCTAATGGGGACTTAATAGATGCCTATGTTTTTAAC	1	50	1.0559014445770879e-23
ACTGAGTGTTTACTGTATAACTGGCTACATTCATTTAACACTTTCGATTT	1	50	1.0559014445770879e-23
AGAGCTAGACTCTGTCTCAAAAAAAAAAAAAAAAAAAAAAAAAAGAAATA	1	50	1.0559014445770879e-23
TCCCAATCAAGCTACTATTCTGTTCAAAATACTCTGAAAAAATCTCATTT	1	50	1.0559014445770879e-23
GTAAAATATGGTATATGCATACAATTTTATTCAGCCTTTATTCAATAGGA	1	50	1.0559014445770879e-23
AAAATTAGGAAATTATATATAACTGTCTGTAATATTATTTTCCTTAAGAT	1	50	1.0559014445770879e-23
TTGAGATCCACTACTATACATCAAGCATCAATTAACTACCATTCAAAATG	1	50	1.0559014445770879e-23
TTTCTTACTGGAGGGTCTTTGGGGAGAATCCATTCCAGGCTGATTCAGGA	1	50	1.0559014445770879e-23
ATTGGGGAACAGAAATTAACATGTAAATAGTTTTGTTTTTTTTTTAATTT	1	50	1.0559014445770879e-23
AAGGAGGCAGAGACAGAATATGAGTGGGCACTAATGGCTGTGACACGGCA	1	50	1.0559014445770879e-23
TGAGAAATTAGAGAACCCAAAATGATTTTTTAAACTAGAGACTAATGTGT	1	50	1.0559014445770879e-23
CTCCCTCTCTTGGTTTCTAAAATTGTTTTCAGTATCAGGTGTTTTCTTTT	1	50	1.0559014445770879e-23
AACCTGTTATCTGCTATGAAACATTACTGAATCAATTTCTGGATAATGTG	1	50	1.0559014445770879e-23
GCCAAGTGTATTCACTGCAACATTATCAGCTTCCCAAACAGACGAGGGAG	1	50	1.0559014445770879e-23
TGTTATTTTTAATTTTTGTGGGTACATAGTAGGTGTGTATATTTACAGAG	1	50	1.0559014445770879e-23
CCTTCAACTAAGTATTTTAAGGAGCACAATATTAACACTCCCCAAAAATT	1	50	1.0559014445770879e-23
TGTGTGTGTGTGTGAGAGAGAGAGAGAGAGAGAATCTTCAGCTATCCTAA	1	50	1.0559014445770879e-23
CTTTACCCACTCAAACATCGTAAGTACATTAACACAGTATTTTCTTCTAA	1	50	1.0559014445770879e-23
TTAGAGAACCCAAAATGATTTTTTAAACTAGAGACTAATGTGTTCTTAAT	1	50	1.0559014445770879e-23
CAACAAGAAAAGAAAATTTCAGGCCAATATCCTTGATGAACATCAATGCA	1	50	1.0559014445770879e-23
TACTAGCTCCAGAAGAAAATCTAAAATCCTTGCCTCATCCTCAAGGCTCT	1	50	1.0559014445770879e-23
CTTTACTGACTTTCTTTTCAATTAATCTTGGTTGTGCTGGCCTAGTGGGG	1	50	1.0559014445770879e-23
AGTAATGCATAACAGTACACGAGTATAAAACATGGTCATGTTTCTTTACC	1	50	1.0559014445770879e-23
TCCCAATAGTGTTTTGTATATTTTCTAAGAATAATTATTCTAATGTCAAA	1	50	1.0559014445770879e-23
CATGGTGTGTGTGTGTGTATCCATATATGCTACATTGCCTTTATCCAATC	1	50	1.0559014445770879e-23
CAAGGGCCAGGCTGGTCTCTTCAGCCCCATCTTCCAGATCATTCTCTGTG	1	50	1.0559014445770879e-23
GAAGGTACCATCTGAGCGAGTCAATTTCCCATGGGTCCCTTCTTGCACCT	1	50	1.0559014445770879e-23
ACCTGGCCTTTTTCTCTGGCTGCCCTTAACATTTTTTCTTTCATTTTCGC	1	50	1.0559014445770879e-23
AAGGCCTAGGATGGGTAAGAATAAAATTCCTAAAATATTTTAGATTCCTT	1	50	1.0559014445770879e-23
TTCATATTGCCTGTAAGAATTGGGACTTGGATAACCGGAGTAAAAAAAAT	1	50	1.0559014445770879e-23
GCTGATGGAGAACTACACACAAAATTACAGAACACGTCATTGCACATGGT	1	50	1.0559014445770879e-23
GGGTCACTCAGCATTTTCCTAATTTGGAACCCCTGGAGGCTACTCTGACT	1	50	1.0559014445770879e-23
GGCGCCTGTAGTCCCAGCTACCCTGGAGGCTGAGGCAGGAGAATGGCGTG	1	50	1.0559014445770879e-23
TTGGTCTTTAAAGATAATGAGAACTGTCAAAAGAGGAAATAGGTGAGATG	1	50	1.0559014445770879e-23
CCACCTCTACGTGCCTACACATCACTCCTTTTCTCGCTTCAGCTTCCTTA	1	50	1.0559014445770879e-23
CTTTCTTTTCAATTAATCTTGGTTGTGCTGGCCTAGTGGGGCTGTGTTCT	1	50	1.0559014445770879e-23
TATTGTACACACACACACCCATACATCACAGTTTATTCATTTGTCCCTCA	1	50	1.0559014445770879e-23
CTCCAGTGACTTTTACTAGCTCCAGAAGAAAATCTAAAATCCTTGCCTCA	1	50	1.0559014445770879e-23
AATATTGCAGAGGGGAAATTTACTGCATTAATTTCAATCACTAGACATTT	1	50	1.0559014445770879e-23
CACGAGTATAAAACATGGTCATGTTTCTTTACCAGTGTACTAGGTGAGTG	1	50	1.0559014445770879e-23
CAGTATAGTTGAATGCTTACAAGAGGAGAAGCTTTTAGCAACTCCTTTGT	1	50	1.0559014445770879e-23
TATATATTGCAGCTAAGTTTTTGTTTACTATTGAAATTAAGTTTGTATTA	1	50	1.0559014445770879e-23
TTAGAGCAATTAATGGGACTTCTCAGCCACCATAATCATATGAGCTAATT	1	50	1.0559014445770879e-23
CTTCCCTATGTAGGTGACCTGGCCTTTTTCTCTGGCTGCCCTTAACATTT	1	50	1.0559014445770879e-23
GCAAACTTTATGTGAAAGAGACTGAGGAAAGTTTAAAACTCCTAAGAAAA	1	50	1.0559014445770879e-23
TTTTTAAAGAAACTGCCAAACTATTTGTCAAAGTAGTCATACAATTTAGC	1	50	1.0559014445770879e-23
ACACAGATTCTAAAAATTATAATTGCCTCTCTCACCAAGATGTCAAACAA	1	50	1.0559014445770879e-23
AAACTTTTATTATTTTTCAAATAAATCAGTAAACAACATCATAAAAAGTC	1	50	1.0559014445770879e-23
AATCAAGCTACTATTCTGTTCAAAATACTCTGAAAAAATCTCATTTTCTA	1	50	1.0559014445770879e-23
TTGTGCAAGCAGGAATTACACAGAGAATGACAAAGAGATGTAACTCCAGG	1	50	1.0559014445770879e-23
AAGTAAACATCTGAAAATACTTTTTCCTTTATTCCACCCATAATAAATAT	1	50	1.0559014445770879e-23
GTTTCAAAATCCATGCTATTACTCCAGAGAAAGTGAAAACTTGAGTTCAT	1	50	1.0559014445770879e-23
ATTTTCTCATTCATTCATTCACTGTAACATCAGCTCCACAAAAGCAAAGA	1	50	1.0559014445770879e-23
GACCTTCTCTAGATGTTCCATTATCCAGGAACCTCCATATGTTCAGCTAT	1	50	1.0559014445770879e-23
TACGTATGTTGGACTATTTTATATAATCTACAAGATCCTTGAGGTTCTGT	1	50	1.0559014445770879e-23
TTAGAGAAGATGGGGCTATAGCCAAATGGATTGTGAAGTTCACTGGGTAG	1	50	1.0559014445770879e-23
ACGAGTATAAAACATGGTCATGTTTCTTTACCAGTGTACTAGGTGAGTGA	1	50	1.0559014445770879e-23
GTTATGGATACTGAATTGTGTCAAATACTTTTTCCTGAATGTACGAGACT	1	50	1.0559014445770879e-23
AGGAAGACAGGCCTCCGAAGCGTCTCTCCTGGCTTAGAGGATAGTGGCTT	1	50	1.0559014445770879e-23
AATGAAAAACCTTTTCTCAAAATGTAGAGTTCAACTAGGCATTAGTTTTC	1	50	1.0559014445770879e-23
TAGTTTGCTGAGGGTTTTTAATCAGTTATGGATACTGAATTGTGTCAAAT	1	50	1.0559014445770879e-23
CAAAAAAAGGCAGAGGTTGCAATCCTAGTCTCTGATAAAACAGACTTTAA	1	50	1.0559014445770879e-23
ATCACCTCACACTCAGGATAGCTATTATCAAAAAAAACAAAACACAGCAA	1	50	1.0559014445770879e-23
GGCCTAGGATGGGTAAGAATAAAATTCCTAAAATATTTTAGATTCCTTAT	1	50	1.0559014445770879e-23
AACATAGCTTCAATTGCTGTCTTCCCACCCCCATTTTTACAGTTTTGTTA	1	50	1.0559014445770879e-23
TGCCAACTCCCAATCCCACCCTGAGACAGTCTGATTCAGTGGGAATTTGT	1	50	1.0559014445770879e-23
TATTGCTTCACCAGAATTTGAGTTCTCACCACTAGCAAGCAAGATCTTAC	1	50	1.0559014445770879e-23
GTGCTTTATTCCTTCATTTTCTCATTCATTCATTCACTGTAACATCAGCT	1	50	1.0559014445770879e-23
AAAGATAATGAGAACTGTCAAAAGAGGAAATAGGTGAGATGCTAATACCA	1	50	1.0559014445770879e-23
CCCTTTCATATTGCCTGTAAGAATTGGGACTTGGATAACCGGAGTAAAAA	1	50	1.0559014445770879e-23
CCCACCCCAATCCCATACACCAGGCCCTAGCCATTCTTCTTTATGTGTAG	1	50	1.0559014445770879e-23
CACCATGCTGGCCAGGCTGGTCTTGGACTCCTGACCTCAGGTGATCCTCC	1	50	1.0559014445770879e-23
GATATGTCAACGGAGTATTGCTTCACCAGAATTTGAGTTCTCACCACTAG	1	50	1.0559014445770879e-23
TTTTCCAACTTTTTTTTTTCTTTTTTTTTCCGAGATGGAGTCTCGCTGTC	1	50	1.0559014445770879e-23
TCCATGCTAAGGGCTTGTTAAATAAGCAACATGAAGAGCATCAATCAGGT	1	50	1.0559014445770879e-23
GAATTTTAACGTTTCTTTTAAATTGCATAAAATTATTATACATATTTTTG	1	50	1.0559014445770879e-23
AACTATTTGTCAAAGTAGTCATACAATTTAGCATTCCCACCATCAGTGTA	1	50	1.0559014445770879e-23
AGAAAAAAAAATTTGTGTATAAGTAAACATCTGAAAATACTTTTTCCTTT	1	50	1.0559014445770879e-23
AAAGGCTAAAGTAACTTTTATATATATTTTTAATTAGGTACGATTATATG	1	50	1.0559014445770879e-23
ACACACACACACACACAATTATTTGGAGGGTGCTGAAACATCTTATTACC	1	50	1.0559014445770879e-23
TCTCATGCTTTAAACTTTTATTATTTTTCAAATAAATCAGTAAACAACAT	1	50	1.0559014445770879e-23
CATCATAAATCCACAGAGACAGGGATGCTGAAAGTGGCAGAATTAAGGAC	1	50	1.0559014445770879e-23
TACTAATACATGCTACAACACGGATGAACTTTGGAAAATTATTCTAAATG	1	50	1.0559014445770879e-23
GGGGGCTCACGCCTGTAATCCCAGCACTTTGGGAGGTCCAGGCAGAGGCA	1	50	1.0559014445770879e-23
ATGTCTAGGTTTCCCTCCAGTGTTTTAATTTTATAATTTGAATTATAAAC	1	50	1.0559014445770879e-23
CCACCCTGAGACAGTCTGATTCAGTGGGAATTTGTATTTTAACAAGCATG	1	50	1.0559014445770879e-23
GAATTTGTTCATTTTTTCGAGATTTTCCAATTTATTGCCATATAATTGCT	1	50	1.0559014445770879e-23
AGCTACTATTCTGTTCAAAATACTCTGAAAAAATCTCATTTTCTAATGAA	1	50	1.0559014445770879e-23
TTGAATGCTTACAAGAGGAGAAGCTTTTAGCAACTCCTTTGTTTCTTAAT	1	50	1.0559014445770879e-23
TAAAAATATTAAGTTTTTTTCCAGAAACTAGACAAATTGACTAAAGTATA	1	50	1.0559014445770879e-23
CTTTGGGAGGCCGAGGCAGGCGGATCATGAGGTCAGGAGATCGAGACCAT	1	50	1.0559014445770879e-23
GTAGCACTGTTCACAACAGCAAAGACTTGGAACCAACCAAAATGCCAATC	1	50	1.0559014445770879e-23
CTTTCATCCTTAATGTCTTCCTTGGCATCTAATGGGGACTTAATAGATGC	1	50	1.0559014445770879e-23
GTAACTTTTATATATATTTTTAATTAGGTACGATTATATGCAAGACCTGA	1	50	1.0559014445770879e-23
CAGCCTCAACCTCCTGGGCTCATGCAATCCTCTCACATCAGCCTCCAGGG	1	50	1.0559014445770879e-23
AACATTATCAGCTTCCCAAACAGACGAGGGAGAGAGAGAGAGAGAACAGT	1	50	1.0559014445770879e-23
AGAATGGCATTGGCCAGGATAATTTCTTTACCAGAAAGAATAAATATAAG	1	50	1.0559014445770879e-23
TCTTTGTTTTCACTGCTGTCATGAATGCTGACATAAGTGGGAATGCTATG	1	50	1.0559014445770879e-23
ACATATATCTATCATTATAGTATCATGCAGAGTAGTTTCACTGCTTTAAA	1	50	1.0559014445770879e-23
CTACTTAGGACAACCTTATGGAGCTTTGCAGGTGAGGAAGATGAGGATTA	1	50	1.0559014445770879e-23
CTAGACTCTGTCTCAAAAAAAAAAAAAAAAAAAAAAAAAAGAAATAAACA	1	50	1.0559014445770879e-23
CTGGTAGAAGGCTGGAGGATGAGGAGGAGGGGCACGGGTGTCAGGTGGGA	1	50	1.0559014445770879e-23
ATTAATCTGGAGATATTCCATGCTAAGGGCTTGTTAAATAAGCAACATGA	1	50	1.0559014445770879e-23
ATGTTCACTTGACTAATAATCTTTTCCCAATAGTGTTTTGTATATTTTCT	1	50	1.0559014445770879e-23
TAGGTCACCCGAGTTGTCGTAGCTTTGCACCCTTATGTGAAGCAGCTGGG	1	50	1.0559014445770879e-23
ATCCGATGTGACAACTGAAAATGTCTCTAGACATTGCCAAATATGCTCTG	1	50	1.0559014445770879e-23
GCAGCTAAGTTTTTGTTTACTATTGAAATTAAGTTTGTATTAATCCAAAC	1	50	1.0559014445770879e-23
CTCTCCATTTTTGTCTCCCTCTCTTGGTTTCTAAAATTGTTTTCAGTATC	1	50	1.0559014445770879e-23
TCCTTCAACTAAGTATTTTAAGGAGCACAATATTAACACTCCCCAAAAAT	1	50	1.0559014445770879e-23
TTGCCACTCATATATCCTCTTGGTGAAATGTTTGTGAGCATCTTTCTGTG	1	50	1.0559014445770879e-23
TCTTTTCACGTGTTTATTTGCCACTCATATATCCTCTTGGTGAAATGTTT	1	50	1.0559014445770879e-23
TAAATTCACTCCTTTTTTTCTTAGTATTTAAAATTATATAACTTTATAGA	1	50	1.0559014445770879e-23
GTTCCTTGCCCTCATTCCAGTAAACCCACAACCTTCAGCGTGGGCATCAT	1	50	1.0559014445770879e-23
CGAGTCAATTTCCCATGGGTCCCTTCTTGCACCTCCCCAACCTTCTTTTG	1	50	1.0559014445770879e-23
CACACACACACACACACACACACACACACAATTATTTGGAGGGTGCTGAA	1	50	1.0559014445770879e-23
GTGGCGGGCGCCTGTAGTCCCAGCTACCCTGGAGGCTGAGGCAGGAGAAT	1	50	1.0559014445770879e-23
AGAAGCTTTTAGCAACTCCTTTGTTTCTTAATGTATATATTATATCTGAA	1	50	1.0559014445770879e-23
GTAATACAATCTGCTACACCCAAGTTTAAAAAATATTTAGCATGTGATAA	1	50	1.0559014445770879e-23
CTCTTGTGCATTGTTGTTGGGAATGTAAATTAGTAGAGGAGTTGGAAAAC	1	50	1.0559014445770879e-23
TTGTCTGCTTCCTTTAGGCATATGAGCTTGCTACTTCTCTTCTATCTGGA	1	50	1.0559014445770879e-23
GCCAATTGAATTACAGCACAAATTTTGCTCTAGTTATTTGGCAGAGTGTT	1	50	1.0559014445770879e-23
TTGTGACAACCAAAAATGCCTCCAAAGATTGCCCACAAAGCAGAATCACC	1	50	1.0559014445770879e-23
GAAACTAAATTATGGCTTTTATTTCATTATCTACAAAGCAGCTAACATCA	1	50	1.0559014445770879e-23
AAAGAAGTTTACTCAAAGAAGTTATCTCACTCCAGGTTGATAAGACAGGC	1	50	1.0559014445770879e-23
GTGTTTTAATTTTATAATTTGAATTATAAACTGGCAACATGAATTAAAAA	1	50	1.0559014445770879e-23
ACAAAAATCAGCCAGGTGGGGTGGCAGGCGCCTGTAATCTCAGCTACTTG	1	50	1.0559014445770879e-23
CTTAAAAATATAACAAATGAAAAACCTTTTCTCAAAATGTAGAGTTCAAC	1	50	1.0559014445770879e-23
AACAGAGTGAGACTCCATCTCAAAAAAGAACAAAAAACAAAAAACAAAAA	1	50	1.0559014445770879e-23
TTTCAAGTAATTGCAAGATTTGTTTGTTTTTGGTGGGTTGAGATCAAGAA	1	50	1.0559014445770879e-23
CCTTACCAAAAGGCTGTGTCCCACACTTGCTACTAATTACAAAATTGTCT	1	50	1.0559014445770879e-23
ATATTTTTGGCCTTTTGAGAGGCCCCCAGCTCTAAAATATTAACACTTAC	1	50	1.0559014445770879e-23
AATTCTGTAGTTTCTGTAGAGCTAGGAATGACAATTAATATGCTGGAGAT	1	50	1.0559014445770879e-23
ATACTACTCCCCACTGAAAGAAACCAGCGTTTCTTGGCAAAATGGTGATT	1	50	1.0559014445770879e-23
GGCATCTAATGGGGACTTAATAGATGCCTATGTTTTTAACCATTGTAATT	1	50	1.0559014445770879e-23
AAAACACTGCTAGATTCAATTTGTTAATATTTTATTTAAGATTTTCCACA	1	50	1.0559014445770879e-23
GCAACTCGCTTGCCTTACCCTAGTGCTTTCACTGGCAAACTAAAGGCATT	1	50	1.0559014445770879e-23
CTCATGCAATCCTCTCACATCAGCCTCCAGGGTAGCTGGACTACAGGCAC	1	50	1.0559014445770879e-23
GTGGATATGGTGGCAGTGAGGATGACTATAATGGATTTGGTAATGACACT	1	50	1.0559014445770879e-23
TATATATATACATATATATGTGTGTGTGTGTGTGTGTGTGTGTGTGTGTG	1	50	1.0559014445770879e-23
TTAAGGAGCACAATATTAACACTCCCCAAAAATTTGAGCTTGGCAGTTAT	1	50	1.0559014445770879e-23
GACCCTCCTTACCAAAAGGCTGTGTCCCACACTTGCTACTAATTACAAAA	1	50	1.0559014445770879e-23
AACGTCCAGACCTTCTCTAGATGTTCCATTATCCAGGAACCTCCATATGT	1	50	1.0559014445770879e-23
CATAGCTTCAATTGCTGTCTTCCCACCCCCATTTTTACAGTTTTGTTAAA	1	50	1.0559014445770879e-23
CGGATCATGAGGTCAGGAGATCGAGACCATCCTGGCTAACATGATGAAAC	1	50	1.0559014445770879e-23
TAAAATATTCATGTGTCAGGCTCTGGGCTATCTTCTAAAGCTTCTTGAAA	1	50	1.0559014445770879e-23
TAGTATCATGCAGAGTAGTTTCACTGCTTTAAAAATCCTCTGTGTTTTGC	1	50	1.0559014445770879e-23
TTCTTCCTGCCTTGGGTTTCCCACCCCAATCCCATACACCAGGCCCTAGC	1	50	1.0559014445770879e-23
CAGAGATATTGCTCTATAAGCTAAAGATCTGTATCATCACATAGAATGTG	1	50	1.0559014445770879e-23
TAGTCATACAATTTAGCATTCCCACCATCAGTGTATGAGAATTCCAGGTC	1	50	1.0559014445770879e-23
CATGCACACGTATGTTTGTTGTAGCACTGTTCACAACAGCAAAGACTTGG	1	50	1.0559014445770879e-23
GCGCCACTGCACTCCAGCCTGAGCAACAAGAGCAAAACTCCGTCTCAAAA	1	50	1.0559014445770879e-23
TGGAGGCTGTTGGGGAGAACTCACTGCCTTGCCTTTTCCTGCTTCTAGAG	0	50	1.0559014445770879e-23
CCTTCCTTCCACACACCCACGAGTCCCTAGGCTGCTTTAGGAGTCTTCAC	0	50	1.0559014445770879e-23
AGCAAAACAAGTAGGGACAATTACAAGTCCTTAGAAATGACCAGACCAGA	0	50	1.0559014445770879e-23
GATTTGGATGTCATTCTGCTACCTGAAGCTAAACATGACCAACACTGAAG	0	50	1.0559014445770879e-23
TAGGTTATTCCATGAGAGTCTTGCTTCCTCCCTACATATATTCCCATGTT	0	50	1.0559014445770879e-23
GGAGGGCTTTAAAAGCTCTGATTACTGTCCCCTGCCACCAGGATTTCTGA	0	50	1.0559014445770879e-23
TAACAGGTTAAAGATAAAACTGATATCACATCCACTCAACCTCCCAAACC	0	50	1.0559014445770879e-23
TTCATTAGAAGGATATTAGGTGGTTCACAGAATTGTCTGGAATTAAAAAA	0	50	1.0559014445770879e-23
ATCTCAAAAAAAGAAAAAAAAAAAATAGAGTAAGCCCTGTCTAAAGACAA	0	50	1.0559014445770879e-23
GGTACTTCTATAACAAAAAAAAAGACACACAACATAAACGATATCTGGAA	0	50	1.0559014445770879e-23
GGCAGAAGAATCACTTGAACCTGGGAGGCGGAGGTTGCCGTGAGCCAAAA	0	50	1.0559014445770879e-23
ATGATTCCACAGGAAACATCACTGAAGAACCCTTAAGGAGTCATGAAAAG	0	50	1.0559014445770879e-23
TCCCTAGTTATAAGTAGAACTTGATCAGGACAACGATGGGGTGGGAGTAT	0	50	1.0559014445770879e-23
GTAATGCCATCCTCTCTCCCGTTGGATATTAGGAACAATAACACGGTGGG	0	50	1.0559014445770879e-23
ATAAGATTGTTTACTGTTTTCTTTGCATATTCATTCCTGTGTGTATTTTT	0	50	1.0559014445770879e-23
TTAAGGTTTGGTCAGTTTGAGACATACACTCTACTTGTGAGGCTCAGCAA	0	50	1.0559014445770879e-23
TCAGGCTGGGGTGGAGTGACGTGATCTTGACTCACTGCAACCTCCACTGC	0	50	1.0559014445770879e-23
GGGTAGATTTTATTTTATTTTATTATACTTTAAGTTTTAGGGTACATGTG	0	50	1.0559014445770879e-23
CATTGCTGGCTGGTAGAGTGTTTGAACAAGGGTCTAGGGAGTGTGGCTAG	0	50	1.0559014445770879e-23
TGAACCTTAAAAAGGCTCGGGTCCCGGCTGAGTTTATTCAGAATTTCTTA	0	50	1.0559014445770879e-23
TAAAATCAAGCAAGACTCTAGGGGCTCAACTTTAATAACATAAAACATTA	0	50	1.0559014445770879e-23
TGAACAAACACACACACACACACTTTCAATTCAATTCCTAGTACTGGGGC	0	50	1.0559014445770879e-23
AACCTGTGAATAGGTCATCACACCTGGAATAGAACATCTAGGAGACAGTC	0	50	1.0559014445770879e-23
AGTTGCAATTAATCTACACCCAAACAGATTTGGGAGAGGTTATAATATGT	0	50	1.0559014445770879e-23
GAAAGTGCACTCATGATTTGGCTCTCTGTTTATCTGTTATTGGTATATAG	0	50	1.0559014445770879e-23
TCAGGTAGTCTTATTTGGGTTAAGTCAGCTTGGTGTTATATGACATTCTT	0	50	1.0559014445770879e-23
GAAGGTACTGTTGAACAAGGACATCCCTCAGCTCCTTGGGAAGTAGTGTA	0	50	1.0559014445770879e-23
ACCCTTAATTAATGGCTGAATCTAATGTGTTCCTTTTTAGTTGTTCTATA	0	50	1.0559014445770879e-23
TTAAAAGTACTGCTTGCAGCCGGTTGTAGTGGCTCACACCTCTATTCTCA	0	50	1.0559014445770879e-23
TCTGTAAAATTAAATTAAATTAAATCGCATATACTCATTACTTTTTGACT	0	50	1.0559014445770879e-23
CTTATCTTCTTCTCCGCCCTACCCTTCCCACTCAGCCTCTAATTACCACA	0	50	1.0559014445770879e-23
CAATGTTCCAAAGTTAGAGAGGTCATTGACCTGGCAGTTGTCTTCGCAAG	0	50	1.0559014445770879e-23
TGACAACATAGGACCATAAATTCTTTTCCTTGTGTCCAATGTTAAGGCTT	0	50	1.0559014445770879e-23
TAGTGTTTGTTCCCTGATGGTAATTTAAATAGTTTCTTGTTTTGAGTGTC	0	50	1.0559014445770879e-23
TTTTTTAAGTTGAAAACTAAGGTTCGATTTTTATGTTATTATTCAACAGG	0	50	1.0559014445770879e-23
TACAAACAAATGGAAGAATATTCCATGCTCATGGGTAGAAAGAAACAATA	0	50	1.0559014445770879e-23
AATTAAGGTGGTAGGAGTGATAATGAAGGTGGTAGTGGCAGTGGGTGTTA	0	50	1.0559014445770879e-23
TCCTCCTCTGCTGAAAATGCTCTGAGGACCCCCCCTATCACTTAGAGTAA	0	50	1.0559014445770879e-23
ATATCCATGAAAGTTTGCATTTTTGTGATGAAGAAATTGGAGTAGACATG	0	50	1.0559014445770879e-23
TTTCAGATATTTCTTTTTCATTGGAATCCTTTGCTGGAGAATTGTGTTTC	0	50	1.0559014445770879e-23
TGAAGACATTTTAGCCAACAACCAAAGACTTAAACTTTACAAAAGATGTG	0	50	1.0559014445770879e-23
CTTTTTGGTTGGTAAGCTATTGATTATTGCCACCATTTCAGCTCCTGTTA	0	50	1.0559014445770879e-23
TAATCTCAACAACACATAATTTACTCAGTATAGTTCTATCTCCTTTGTCA	0	50	1.0559014445770879e-23
CTGGTGCCTTTCTGATTTTGTGGCTGAGGAATCCCACGCCCTCCTCCTAT	0	50	1.0559014445770879e-23
TGTTTGGCCTTCCATAGGATATTTCTGAAGCGCAGCTTTTAGTGGAATTC	0	50	1.0559014445770879e-23
TGCAGCCTCAGCTTGGCTGGTCGAGGGCAGGCTGGATTTCAGCCTCTTCT	0	50	1.0559014445770879e-23
TGTGTAATCTATTCATTCCTCTCTTTATATTGCATGTTACCTCATTTATT	0	50	1.0559014445770879e-23
CCTGCAGCTTTCCCAGGCACTTTGTGCAAGCTGTCGGTGGATCTACCATT	0	50	1.0559014445770879e-23
GTAATCGGCTTTTATCTGGGGCAAATACCATCTTAAATACAAATGTAAAT	0	50	1.0559014445770879e-23
TACTTAAGCACCTTTAAGTATATTAGGTACTGCAGCCATTGTCCAACAAT	0	50	1.0559014445770879e-23
ATATATAGCATAGTGATGACTGGTTTATGGAAAAGTCTTGGACTACCTTG	0	50	1.0559014445770879e-23
AGCCATCGGCAGAAATGGCTTATTTCCTTTTCTCAATATTTTTTTCGTAC	0	50	1.0559014445770879e-23
AGCTGAGGTTTCATGGGGTCACAGGGCACAATGGTTCATTCAATAATTAA	0	50	1.0559014445770879e-23
CTTCCCCTGGGAACTCGGCAGGCTTAGGCCAAATCTACCCAAGCGAAAAT	0	50	1.0559014445770879e-23
GTAATGGTCTCCATTGAGGTAGTTACTTTCGCCACCTCTCTTGGCTTTTG	0	50	1.0559014445770879e-23
ATCAAGTTTGATCTAGGGCTTTATTAGGGAAAGTCAATGTTAAATACCAA	0	50	1.0559014445770879e-23
CCTCAGTCTTCCAAGTCTCCACCACGACTTGGAGCATTTGAGAGACTATA	0	50	1.0559014445770879e-23
GAGTTTGATTGAACTTATATTGTGTTTTTAATGACAATCTGCAAGACACT	0	50	1.0559014445770879e-23
TCCCAACACAAAGATACTAAACTTGAGGTCCTTGGAAATTCTGCTTGGTA	0	50	1.0559014445770879e-23
TGCGCCACTGCACCCCAGCCTGGGTGACGGAGCAAGACCCTGTCTCAATA	0	50	1.0559014445770879e-23
TTATCTAAAGCAAGCCAGATGGACACAAAGCTTTTAGTTGACAATGCAGG	0	50	1.0559014445770879e-23
CTTCTTTCAGCTCAGAGTCAAAAGAAGAGTAAATGTTTTCGAAAGTGACA	0	50	1.0559014445770879e-23
AAAAATCCTCAACAAAATGGTCCAGCCGGCTACTAGTCCACACACTCCAA	0	50	1.0559014445770879e-23
TTTGAATCGAGGCTTTATCATATACTATTTCTGTGATCTTGAGAACATTT	0	50	1.0559014445770879e-23
TTTTCTAGGTTTATATGCAGTTAGCGTTTCTTTTTTTTTTTTTTTTTTTG	0	50	1.0559014445770879e-23
CCATTATCAAATCTTCAGATCTCATGAAAGCTTACTATCACAAGAATAGC	0	50	1.0559014445770879e-23
ACCGCTATGCAATAGATTACTACTCAGCAATAAAAGAAACAAACCAATGA	0	50	1.0559014445770879e-23
AAACTTCAGCACAGCCGTCTGGCCAGTATTCCTGGAGTATATAACACTGA	0	50	1.0559014445770879e-23
GTACTAAGAGTGATAGGATGGCCTTGGCCATCTCTGGATTTGAATCAATT	0	50	1.0559014445770879e-23
GTTTTAAAACGTCAAATGCAAATGAAAATCAAGGCTAGACTATACTTTAC	0	50	1.0559014445770879e-23
TGGTTGAAATATATATATATATATAACTTTTAAGTTTTCCCATGAATTTA	0	50	1.0559014445770879e-23
CTCATATTCTATGTCTGTGTAAATTTCCTCCCTTATATCCCTGAAATTCT	0	50	1.0559014445770879e-23
GAGTTGTTCAATTTCCTTATCTATTTGCTTATTAACCCCTTATCAGATGT	0	50	1.0559014445770879e-23
TATTTTGTTTCTGGATATAGACATGTGTATAAGATTAATCAAAATAACTG	0	50	1.0559014445770879e-23
ATTCAAATGACAGTACGTTTTTTGTCAGAAACCACAAAGGCCAGAAAGAA	0	50	1.0559014445770879e-23
CTTTCATATCGCGGAGTACATCATCAGAGTAAATTCCTAGGAGTAAGATT	0	50	1.0559014445770879e-23
GAGGGCATGGCTGTTTAAAAGAGCCATTTTTTGTTCTCAAGTCCTTAACT	0	50	1.0559014445770879e-23
TTCCCTTTATACGTCTTTAATGTAAAACAAAAGAAAAAGAACTGCCACCC	0	50	1.0559014445770879e-23
TACCCTCTGTCAAATGTAAATTAAATTCCACCATAAAATTTATATTCTCA	0	50	1.0559014445770879e-23
CTTTATAACAACCACAAGAACACGAAACTCCTGTAACTAGCCAAAGTAGT	0	50	1.0559014445770879e-23
CACCACCTGAAGTAGGCATATCTGATATGGAATTTCTAATTACATGTTTT	0	50	1.0559014445770879e-23
TATTACATCTGCTACTGAATTCAAGCTTCTTTGATAAGTTATTTTTGTTG	0	50	1.0559014445770879e-23
GTCTCAAAAAAAAAAAAAAAAACAAGAAGACCTTGCATTCTTTTCTCTTG	0	50	1.0559014445770879e-23
TTCTAAATTGTTTAATTTTGGTTTGCGGGAGATTATTTTGTGATCCTGGT	0	50	1.0559014445770879e-23
GAAGGTCAGCAAAGTATAGCATGAGAGAAGCTCCCACTGGGTCCAACCCA	0	50	1.0559014445770879e-23
TGTAGGGTAAACCTTCTTTCACTTGTTTGCTTTTGAAAAGGTCTCTTAGA	0	50	1.0559014445770879e-23
CCAGTCTGTACTAAAAATACAAAAATAAGCCAGGCGTGGTGGTACTTGCC	0	50	1.0559014445770879e-23
CAATGTTTTTGATGGGGACAGGGTTCGAAAAAATCCGAGCTGCAGAAATG	0	50	1.0559014445770879e-23
AGGGATTCTTCAGTTCCATTTTCTAACTGGCTGACCTTGGAGTACCTGCT	0	50	1.0559014445770879e-23
TATGTCTCCCATCTTTACCTTGTGCTTCCGTAACTACTCCTACTTAGACA	0	50	1.0559014445770879e-23
TTTGGTTTTGCCTCAGTTATAATTTAAGCACATTTTTAAATATCTGTCAG	0	50	1.0559014445770879e-23
GCTAAAATGAATTGTCTAATATTCTGATTGCTGTACATATTTTAATACAT	0	50	1.0559014445770879e-23
TATGTTCAAGCAACTAGAGTATATTTTGAATATGTGAAGACATAGAAGAT	0	50	1.0559014445770879e-23
ATGAAGAAAAACCAGTGCAAAAAGCCTAAAAATTCAAAACCCGGAATGTC	0	50	1.0559014445770879e-23
GGGTCTTGCTGTGTTGCCCAGGCAGAAGTACAGTGGAGTGATCATAGCTC	0	50	1.0559014445770879e-23
TTTGTCTTTTTTTTTTTTTTTGCATAATGTTTAATTTGGGGTTTACGGAA	0	50	1.0559014445770879e-23
CACCCTACTGGTACTATTTACTGTATTAGTTCATTTTTATACTGCTATGA	0	50	1.0559014445770879e-23
TTGATGGGGCTGGGCTGCTCTAACCAGTATTTGGTGGAAGACTTCCAAAA	0	50	1.0559014445770879e-23
TAGCTGGCTTGGCCTGGAGACCATGTTTGGGATTTGAGTTCTGTCGTAAG	0	50	1.0559014445770879e-23
TCCACAAAGGTTGAACTAATTTACACTCCCACCAACAGTGTAAAAGCGTT	0	50	1.0559014445770879e-23
TCAGGTGATCCTTCCACTTCAGTCTCCTGAGTAGCTGGGACTACTGACAT	0	50	1.0559014445770879e-23
TAGCCAAAGGTCTCTACATTTTTAGATGGATGGACACTGGACTCGCCATG	0	50	1.0559014445770879e-23
CCAGGCATCAGTATTTTTTAAAACTCTCCAGACAATTCCAATATAGAGCC	0	50	1.0559014445770879e-23
CCTAATGTGTCGTGGCCTACCACTACCCTGGGATTAAGACATGCAGAGAC	0	50	1.0559014445770879e-23
CTTCATGTTGCAGTTAAAAAAAAAAAAAAGTATCCTAGTTCTTTCAGAAC	0	50	1.0559014445770879e-23
AAGGGTCCATGATAATTTGCTAGGTTGAAAACTGTTACTTTAGGTTTCTT	0	50	1.0559014445770879e-23
TTAAAAACATATATTAAGTTTTATTATATATAAATAAGTTTAAATGGTTG	0	50	1.0559014445770879e-23
TGAGACCAGCCTGGCCAACATGGTGCAACCCCGTCTCCACTAAAAATACA	0	50	1.0559014445770879e-23
CAATAATAAAGTAGGGATGTAAAGAGATAATTAGAATCAGCCCCCACCGC	0	50	1.0559014445770879e-23
TGAAGGCTCTAGGAAAGATTCTTTCTTTACTTCTTACTGGCTTCTGGTGA	0	50	1.0559014445770879e-23
TTGATTATTTTTTCCGTTCTAAGATTTCTATTTGGTTATTTTCCTTCTAC	0	50	1.0559014445770879e-23
GAACATTTAGATTATCTAGAGATGCCATCATGTGAATTTAGCCTATTATT	0	50	1.0559014445770879e-23
TTAGAGTAGCACCTACCTTAAAATAGTTGCTCTATAAATGGCTAGCAACT	0	50	1.0559014445770879e-23
TTTTTCCTGCTATATGTGTTATACATAATTTCCATTGTATTATTTGTCTT	0	50	1.0559014445770879e-23
AAAGCCCAAAATGACACCAGGGCCTGCACCAAATAAAACAACAATTCACA	0	50	1.0559014445770879e-23
TCATAAAACAAACAATTCAAATAGAAATGGAGCAAAATACATCAAGACAC	0	50	1.0559014445770879e-23
CCAGAAATTCAGGAATTCAGATTTCTTTCTAACTAGGCCAGGGCTCTTTA	0	50	1.0559014445770879e-23
ATTAATTATATTCACTTTTTCAAACTAGAGCATTTATTTTAATCAAAGAA	0	50	1.0559014445770879e-23
CTTTTTCACTTAAATAGTGAGTATGATACTGTATTGGGGGAATAAAGTTA	0	50	1.0559014445770879e-23
AGAATGATATTTTTAACTGCCCTCTTTCTAGAATATACTATTTGTACTGG	0	50	1.0559014445770879e-23
GTGTACTTTTTAACTCTTCCTGAAACTTGGCTATATGTTGAAGACACTTT	0	50	1.0559014445770879e-23
ACTTCTGAGGAATAGAGATGGGTCAGAGAGCTACCTTCATGACTGAGCAC	0	50	1.0559014445770879e-23
GACCATTGCTGTGAAGATCTTAGAGCAAGAGAGGACTGAAGAAGTTAAAT	0	50	1.0559014445770879e-23
ACTATCTTAAGGATGCAAAGTAAACAACTGTCAATTTTTAATTCTATAAC	0	50	1.0559014445770879e-23
AAGCCAAGGCAAATATGTGAGAAACAGTAATTATGAGTATCAGAAAACAG	0	50	1.0559014445770879e-23
AAGAGGACCAAAGACTGAGAGACCTGGGCACTCCAAAATTTAAAGATTGA	0	50	1.0559014445770879e-23
TATTTTGTGTTTCATGTTTACTATTGTATCTCCCAAATCTAGCACAGTAC	0	50	1.0559014445770879e-23
GGCGAAATATTTAAGTGATCTATCAAATAACCTGGCCAGGCATGGTGGCT	0	50	1.0559014445770879e-23
GGCTGGGGAGGACTCACAATCATGGAGGAAGGCAAGGAGGAGCAAGTCAC	0	50	1.0559014445770879e-23
ATATATGACCACTTAACTTTCAGAGATATTACTATGACTACCTACAGATA	0	50	1.0559014445770879e-23
GACTAGGAAAACTATATGAATAGCTGTGACATTAGACAAAATAAAGAAGA	0	50	1.0559014445770879e-23
TTCTTTTGGGACTCCCATAACAAACGTTGGTTCACTTGATGGTGTTCCAT	0	50	1.0559014445770879e-23
GAAATCTTAGGAAGATCCCTTACCCTAAGTTTCAATTCCTCATCTATAAA	0	50	1.0559014445770879e-23
AGTGCAACCATATCCAAAATACTTTCTGATCTGTGATCTCATCAGCAACC	0	50	1.0559014445770879e-23
CTTTATTTAGGCTTTTGCAATAGGAGAGAATGAACTTAACTCTGATGAAA	0	50	1.0559014445770879e-23
AATGGCCAACGCAACCGGTGGAATGTGGACCACAGGCTCCTAACATGAGC	0	50	1.0559014445770879e-23
CCAACACTTTAGGAGGCTGAGGCAAGAAGATAGCTTGATGTTAGGAGTTT	0	50	1.0559014445770879e-23
AAAGTCACATGCACACATATGTTTATTGCGGCACTATTCCCAGTAGCAAA	0	50	1.0559014445770879e-23
AGTATAGAAAGACTAAACTGCTCTAAAAGTAGTCATTTTAGTTGCCCCAC	0	50	1.0559014445770879e-23
TAGAATGGTGATTAGAAATGGAGAGTGTAATGTTGGTCTTGTTTTAGTTA	0	50	1.0559014445770879e-23
CTTCAGAACTTCTTTAAATATCCATATATTTCATTTTTAAAATTAAATAA	0	50	1.0559014445770879e-23
GCCATTGCAGAAAGATAACTAATGGCTTATATACAAGAGATCGCAGTTAA	0	50	1.0559014445770879e-23
AAATGGAAAGTTAGGGTTTAAAAGGAATGATAATGTGGAAGAACTGTAGA	0	50	1.0559014445770879e-23
TGCTGCTTCACCTTGCATTTTTATGTTATGGAGATGGCTTCTTTCCTTAC	0	50	1.0559014445770879e-23
CCATAGAAAACCACACATGACTCCTGCCAACCCGATACCAGTTGGGGTGG	0	50	1.0559014445770879e-23
ACATTTGTGTAGCTGTCCAGAAAACCTATCAGTTGTTGGCTGTAGTTCCT	0	50	1.0559014445770879e-23
TTGAATCTCTGATGATCTCCCCACATTCTAGCCCTTTCTCAAATCCCACC	0	50	1.0559014445770879e-23
TGCAAGGATCTTGTACTCTAAACCTATGAATATAGTCCACAGAGACTGTG	0	50	1.0559014445770879e-23
TTACTTATTAATAGCTGTTCGGCATATATGGTATGGAAATGGTAAACAAT	0	50	1.0559014445770879e-23
ACCTCGTGATTCGCCCGCCTCGGCCTCCCAAAGTGCTAGGATTACAGGCG	0	50	1.0559014445770879e-23
AACCATTTATACTTATATTGGAATTTTAGATGTGACAAGAATGTGAAAGG	0	50	1.0559014445770879e-23
GTTAGAGTCCTGGTATTATGAAATTGTTTATATAGTACTAGATTTTTTTA	0	50	1.0559014445770879e-23
AGGGTATCAGTGATGGACGATCAAATGAATGAAATGGAGCGAGAGGAGAA	0	50	1.0559014445770879e-23
TCTTGCAATTTATGTATCCTTACGACCCACCTTGAGGTCTTTTGGAAACA	0	50	1.0559014445770879e-23
TCTGTTAGAATTGATCAATTCTAGGGCAACTACACAATTAATTACCTTGC	0	50	1.0559014445770879e-23
GGTCATGCCATGCCATGGGGCCTGAGGCAGTCTTAGGACACGGGGCGTCT	0	50	1.0559014445770879e-23
ACAGAAAATACAAATAAAATGAACTAGCAGAAAAGAAAGCCTTTGCAAGT	0	50	1.0559014445770879e-23
TTTATTCACAATTTAAAATCATAGCAGTTTAAAGCTGTAGGGGACCAGAA	0	50	1.0559014445770879e-23
CTGAGTGATAGATTGTTTTTACCCCTGTCATCTTGTAGCATTGCTTTAAT	0	50	1.0559014445770879e-23
GGCTGAACATCAAACAACTTAGTGAATAATGGAAGCTCCTGTAGGCTCCT	0	50	1.0559014445770879e-23
AAACTAATGTCATCTTGCTATTATAAAACGTGGTCATCACATTTATTTTG	0	50	1.0559014445770879e-23
GCTCATAGAGATTCTGGGAAGACAAACATCTAGGTATGAACTACTGGAAA	0	50	1.0559014445770879e-23
ACACATCAACGACCACCGTCAGAAATGGCAGATTTTCTTAGTGATGCTAT	0	50	1.0559014445770879e-23
TAAGACTGTATGGTCCATTAGAGGTATGGATGCCTGGGTCTTGGCTAGAG	0	50	1.0559014445770879e-23
ACCTGAACCACAAAGCAATAAAAATGAGAAGTAAATAATATTTGATTTGT	0	50	1.0559014445770879e-23
AGCATAGTGTTATTATTTGCAGACTATAACATTAACATTTCTACATAACT	0	50	1.0559014445770879e-23
ACAAAGTTTTAGCCAGACTAACAAAGAAAAAAAATGGGAGAAGATTCAAT	0	50	1.0559014445770879e-23
AAGTAGGTAATCATGAAGTTAGATTAAAACAATTTGATAAAGGTTGCAAT	0	50	1.0559014445770879e-23
GGTTCAAGCGATTCTCCTGCCTCAGCACCCCAGGTAGCTGGGATTATAGG	0	50	1.0559014445770879e-23
CTTAGCACATCTTGGTGACTAAGGTGTAAGTGGCAGTTGGCCAGAACTTG	0	50	1.0559014445770879e-23
GAGAATAGCATGGAGGAAACTGCCCCCATGATTCAATTGCTTTTCACCAG	0	50	1.0559014445770879e-23
CAAGATAGCGCCACTGCACTCCAGCCTGGGCGACAGACCGAGACTCCATC	0	50	1.0559014445770879e-23
TAGAGTAATTCAGTCTCTTTTTCCACAGTAATTACTACTTGTTTTCTTCT	0	50	1.0559014445770879e-23
TGCTGTGAGAAACAGAAAAAGTAGATCTAAGTAAGGGGAATTAGGCAGGT	0	50	1.0559014445770879e-23
TGTGACGGGATCTGCCGTCAGCACAACCTCTGTGGTTTCTGTGTGAACAA	0	50	1.0559014445770879e-23
TCGGCAAGCACCTCAGCAGGTCGTGGTTGTTGTTGTTGTTGTTGTTGTTG	0	50	1.0559014445770879e-23
TCCTGCCTCAGCCTCCTAAGTAGCTGGGATTATAGGCATGTGCCACCATG	0	50	1.0559014445770879e-23
AAACACTATTAATTGTTTTATTACCAATGTTAAGTTAAATTCTTCTTGTA	0	50	1.0559014445770879e-23
ACTTTGAAAATATATTTTTGCAAATTTGAATTTTATTAATGTTGCTTCTG	0	50	1.0559014445770879e-23
AGAAGAGCATATAAAACCAGTAAACTGAGTACTAAATAATCACCATAATT	0	50	1.0559014445770879e-23
TGGCAAATCGGGTCACTCCCACCCTAATACTGAGCTTTTCCAACGGGCTT	0	50	1.0559014445770879e-23
TCTAGGTTTCCTCATTACAAGTTCTAGGACCCTTGATATGAGCCATTCCT	0	50	1.0559014445770879e-23
CAATGAGACAGACCTGCCACTAGCCCAGCAAACAGCCAATAGCAGATCAT	0	50	1.0559014445770879e-23
AAATGATGAATGTTTCTTTTCAGACTTTTAAAGGTGTAAGTCTCTCAGCT	0	50	1.0559014445770879e-23
ACTTGTCTCCTTGTAGAGAACATTACTGCAAAGCAATGCTCATAGAAATT	0	50	1.0559014445770879e-23
TGCAAATTGAGACAGCTGTATGTCTTTCTTTTCAAACTGTATATCTTTTG	0	50	1.0559014445770879e-23
CAGCTGATCAGCCCCTTCTTCCTGGCTCTGGAGGTTTTTAAAACAATGAC	0	50	1.0559014445770879e-23
AGTATTTAATTAAGAGCTTTCTTTTTCTTTTAATTTAGATATTCATCACT	0	50	1.0559014445770879e-23
GCAGCAGGTGGGGGAACCAGAAGGGAGTTGGTTATCCCACTCAGTGGCCC	0	50	1.0559014445770879e-23
TTTTGGCAACTACACATTTTCTAGAAAATGATAAATTGTGAGCAGAAGGA	0	50	1.0559014445770879e-23
ATACACACTGCACACTCATGTCCTCTCTTCAACCTTTGCATCACTCACTT	0	50	1.0559014445770879e-23
ACTGGATGAGACATATTGAAAGGGCCTGGCACTAGAAGATACGTCCCATA	0	50	1.0559014445770879e-23
ACTAAGAAATTATTGATATTCAAAAATTCGCAAATAAGATAGATCACTGA	0	50	1.0559014445770879e-23
AAGTTTACTTGCATGTTGTTTAATGTTTTCATTAGAAAACAGTGTCTTAA	0	50	1.0559014445770879e-23
TGATCCGCCCGCCTCAGCCACCCAAAGTGCTGGGATTGTACAGACGTGAG	0	50	1.0559014445770879e-23
TGCATCCCACAATTTTTTGTGTTTGTTTTTGTTTTATTTTGCTTTTAATG	0	50	1.0559014445770879e-23
TATCTCTACTAAAAATACAAAAAGTAGCTGGACATGGTGGTGGGCACCTG	0	50	1.0559014445770879e-23
CTTTTTTTTTCTTTTTAGCCAATTCCAACGCAGGCTTTGGCCTCTATTCA	0	50	1.0559014445770879e-23
CTTGGACATTATAATAACTTAATGATCCTTATTTTGAATGAATTAACAAT	0	50	1.0559014445770879e-23
AAAAAGGTAGGGCATTTAAATAATATGCAATAAGTTAAAAGATAACTGCT	0	50	1.0559014445770879e-23
TACATAAGAAATCATAAGAATGCCTGAGATGAATTACAAAATAGAAGGTC	0	50	1.0559014445770879e-23
TGGCTGGGCACGGTGACTTGTGCCTGTAATCCTAGCACTTTGTGAGGCCG	0	50	1.0559014445770879e-23
GAAAAATCAAGAACTCAAGAAAGAAAAAAGAGAAAAAATTCAATCAAATA	0	50	1.0559014445770879e-23
CATAACACAGGTGATGTCTTAATTCTACTTTCTAAATTTTGATATTTCCA	0	50	1.0559014445770879e-23
GACTTATGGCCCCTAACCCCAATATGGTTTGGCTGTATGCCCAGCCAAAT	0	50	1.0559014445770879e-23
TTTAATTTTTTTATCGTTGCGCAAGTAGTAAACTTAGCACCTGATAGGTA	0	50	1.0559014445770879e-23
AAAATACAAAAATTAGGTGAGCATGGTGGCAGGCGCCTGTAATCCCAGCT	0	50	1.0559014445770879e-23
GAAATATCAGGTTGTCTGTGAAGATTTTGATAAGCATATTGTAAACTATA	0	50	1.0559014445770879e-23
GAGTCTCCCTCTGTTGCCCGGCCTGCAGTGCAGTGGTGCAATCTCGGCTC	0	50	1.0559014445770879e-23
ATCTTGATAACACTGTAGATTCTGTTTCAGCGGGTCTGGGGGGGAGCCTG	0	50	1.0559014445770879e-23
TATTTATAAGCTTTCTTCTTCTGTTCCATCTACTCTTTCTATTCCTTAAA	0	50	1.0559014445770879e-23
GCTGAATGAGGAAGACAGAGCCAGGAGATTAGGCAAGAAATATGCTTACA	0	50	1.0559014445770879e-23
AGATATAGGCAGTGACACAAAGAATGTGGGCAGAAGTGAGTTATGCTTTT	0	50	1.0559014445770879e-23
AACAATTAGATATGTGAAGATAACAACGCTCACCTATGTTTTTTCAGTTT	0	50	1.0559014445770879e-23
TCTTTTTCTTATCTGATTGCACTGGCTAGGACTATGTTGAATAAAAGTGG	0	50	1.0559014445770879e-23
GCTTTTTCAGGTGCTCTTTCTTTTCTTTGTCTCTTGAAGCCCAACAGAGC	0	50	1.0559014445770879e-23
GGCATAATAATTCCTTGAGTAGACTAACTGTGGGAGGTATGTCAAGAGAA	0	50	1.0559014445770879e-23
TCAACACTGGTGTCTTTCATAATAACAGAATGAACATTGGAAATTACTTT	0	50	1.0559014445770879e-23
GTCTTTTTAATTCTTCTCTCTTTTCTTCTTTATTAGTCTGGCTAGCAGTC	0	50	1.0559014445770879e-23
TCTTTATAGCAATGCGAGAATAGACTAATATACCACCACAGTCTGAATCA	0	50	1.0559014445770879e-23
GCATAGAGTATACAGTATTAATATCTTTGTGTGTTAATAGCTCAATACAG	0	50	1.0559014445770879e-23
GATTTTTTATATTCCCAACATTTTATTATTTATTTTTGCTAGTATATTTA	0	50	1.0559014445770879e-23
CTGAGGCAGAAGTATCACTTGAACCTGAGAGGCAGAGGTTGCAGTGAGCC	0	50	1.0559014445770879e-23
CTCAGCACTTTAGGAGGCTGAGGCAGATGGACTGCTTGAGCTTAGGAGTT	0	50	1.0559014445770879e-23
ATGAAGGACAAACAAAACACCACATTTCATATTGAGGGAATAAGCAAAGC	0	50	1.0559014445770879e-23
CTGTTCCTGTGTTAGTTTGCTGAGAATGATGGTTTTCAGCTTCATCCATG	0	50	1.0559014445770879e-23
